commit	val_fid	memory_gb	status	description
c0fba6c	359.6296	2.5	keep	baseline TBPTT h2 l3 l1 n768
cee5b61	365.0955	2.8	discard	multi-step loss exp-weighted L-cycle intermediates
d8b5f26	359.6634	2.5	discard	lateral inhibition Sanger-inspired z_H/z_L decorrelation 0.1 weight
a873caa	351.4180	2.5	keep	warm-start z_H from input_emb instead of fixed buffer
n/a	351.4344	2.5	discard	exp5 residual skip from input to output
n/a	352.1428	2.5	discard	exp11 bidirectional z_L->z_H feedback during L-cycles
n/a	349.6972	1.2	keep	exp6 flat recursion no z_L hierarchy
n/a	349.9117	2.5	discard	exp7 timestep-scaled input injection
n/a	0.0000	0.0	crash	exp8 SPSA zero-order (epsilon division by zero)
n/a	348.7138	2.5	keep	exp9 cosine+MSE combined loss (0.5 weight)
n/a	351.3463	2.5	discard	exp10 momentum z_H (0.8/0.2 blend)
n/a	349.2989	2.5	discard	exp4 warm-start both z_H and z_L from input_emb
n/a	350.5637	2.5	discard	b3 cosine weight 1.0
n/a	355.1597	1.2	discard	b3 cosine+flat recursion combined
n/a	316.9451	2.5	keep	b3 EMA model for eval (polyak avg 0.999)
n/a	349.1132	2.5	discard	b3 frequency domain Laplacian loss
n/a	347.9875	2.5	keep	b3 high weight decay 0.1
n/a	316.6331	2.5	keep	b3 Huber+cosine loss (SmoothL1 instead of MSE)
n/a	346.0127	2.5	keep	b3 timestep-weighted loss (0.5+t)
n/a	355.3170	2.5	discard	b3 warmstart both + cosine combined
n/a	317.0138	2.6	keep	b4 Huber+cosine+EMA combined baseline verification
n/a	342.4069	2.5	discard	b4 cosine weight lowered to 0.25
n/a	317.0966	2.5	discard	b4 EMA decay 0.9999 (slightly worse than 0.999)
n/a	348.8064	2.5	discard	b4 gradient clipping max_norm=1.0
n/a	316.8744	2.5	discard	b4 weight decay 0.1
n/a	316.8596	2.5	discard	b4 velocity noise augmentation 0.01
n/a	316.6170	2.5	discard	b4 self-conditioning (prev pred as input)
n/a	316.7752	2.5	discard	b4 timestep-weighted loss (0.5+t)
n/a	365.8166	2.5	discard	b5 channel-weighted loss by variance
n/a	315.1860	2.5	keep	b5 cosine loss computed in fp32
n/a	316.7379	2.5	discard	b5 larger batch 512
n/a	316.4441	2.5	discard	b5 multi-scale loss (2x downsampled)
n/a	316.3056	2.5	discard	b5 progressive T sinusoidal cycle schedule
n/a	333.4877	2.5	discard	b5 random projection perceptual loss
n/a	0.0000	0.0	crash	b5 spectral normalization (FID eval timeout)
n/a	315.4842	2.5	keep	b5 symmetric recursion (reverse L-cycle pass)
n/a	316.5715	2.5	discard	b6 anti-aliased patch embedding
n/a	316.7596	2.5	discard	b6 cosine weight 1.0 with Huber
n/a	316.7564	2.5	discard	b6 cosine annealing LR schedule
n/a	316.8247	2.5	discard	b6 adaptive cosine weight by timestep
n/a	316.7819	2.5	discard	b6 logit-normal timestep sampling
n/a	316.7736	2.5	discard	b6 SNR-based loss weighting
n/a	314.8893	2.5	keep	b6 symmetric recursion + fp32 cosine combined
n/a	317.0106	2.5	discard	b6 velocity magnitude rescaling
n/a	316.8315	2.5	discard	b7 cosine weight 2.0 with symmetric
n/a	316.4924	2.5	discard	b7 cosine t-schedule (heavier at ends)
n/a	0.0000	0.0	crash	b7 direction-only prediction (bug: huber undefined)
n/a	314.7811	2.5	keep	b7 self-distillation from deeper recursion
n/a	0.0000	0.0	crash	b7 gated skip (assertion error: new param)
n/a	332.0692	2.5	discard	b7 mixup data augmentation
n/a	314.5713	2.5	keep	b7 noise-adaptive recursion depth (more cycles for noisy)
n/a	314.6909	2.5	keep	b7 self-play consistency training
n/a	316.7372	2.5	discard	b8 direction-only loss (fixed)
n/a	314.3755	2.5	keep	b8 dual head: velocity + x0 reconstruction (0.1 weight)
n/a	345.5055	2.5	discard	b8 EMA 0.995 (too fast)
n/a	371.9069	2.5	discard	b8 logit-normal t sampling std=0.5
n/a	316.9382	2.5	discard	b8 warmup 20%
n/a	316.2413	2.5	discard	b8 min-SNR-gamma weighting gamma=5
n/a	314.8997	2.5	discard	b8 sinusoidal positional embedding
n/a	314.9567	2.5	discard	b8 self-play + noise adaptive combined
n/a	316.8524	2.5	discard	b9 cosine weight 0.75
n/a	316.7157	2.5	discard	b9 cross-attention injection
n/a	315.6285	2.5	discard	b9 detach z_H from z_L gradients
n/a	316.5824	2.5	discard	b9 multi-head output (3 heads averaged)
n/a	323.4076	2.5	discard	b9 noise injection in recursion 0.01
n/a	354.0453	2.5	discard	b9 normalized injection (catastrophic)
n/a	321.7669	2.5	discard	b9 x0 reconstruction weight 0.3
n/a	0.0000	0.0	crash	b9 zero-init reverse (shape mismatch)
n/a	319.4884	2.5	discard	b10 anti-thetic t sampling
n/a	316.6213	2.5	discard	b10 AdamAtan2 optimizer
n/a	315.7323	2.5	discard	b10 classifier-free guidance scale=1.5
n/a	314.7479	2.5	discard	b10 focal velocity loss (sqrt weighting)
n/a	318.2534	2.5	discard	b10 Oja Hebbian update on z_L_init
n/a	346.5786	2.5	discard	b10 random erasing augmentation
n/a	314.7436	2.5	discard	b10 SSIM loss component
n/a	0.0000	0.0	crash	b10 two-timescale (variable scoping bug)
n/a	315.6028	2.5	discard	b11 CFG scale 4.0 (15% label dropout)
n/a	318.9648	2.5	discard	b11 CFG scale 7.0 (15% label dropout)
n/a	315.7523	2.5	discard	b11 consistency loss (adjacent t agree on x0)
n/a	314.4961	2.5	discard	b11 exponential decay on injection residuals
n/a	357.6165	2.5	discard	b11 progressive loss annealing (catastrophic)
n/a	314.7380	2.5	discard	b11 multi-resolution recursion (8x8 low-res pass)
n/a	317.5287	2.5	discard	b11 SSIM on x0_hat image space
n/a	325.3943	2.5	discard	b11 stratified t sampling
n/a	319.5038	2.5	discard	b12 accum8 batch512
n/a	316.0963	2.5	discard	b12 EMA warmup 10%
n/a	317.3535	2.5	discard	b12 GAN discriminator head
n/a	323.8775	2.5	discard	b12 Huber beta=0.5
n/a	317.1351	2.5	discard	b12 patch masking 25%
n/a	316.0368	2.5	discard	b12 online reflow self-distillation
n/a	319.0192	2.5	discard	b12 U-shaped timestep distribution
n/a	317.4162	2.5	discard	b12 velocity clipping
n/a	319.5038	2.5	discard	b12 gradient accum 8 (batch 512)
n/a	316.0963	2.5	discard	b12 EMA warmup (skip first 10%)
n/a	317.3535	2.5	discard	b12 GAN discriminator head (0.01 weight)
n/a	323.8775	2.5	discard	b12 SmoothL1 beta=0.5
n/a	317.1351	2.5	discard	b12 patch masking 25% MAE-style
n/a	316.0368	2.5	discard	b12 online reflow (self-distill straight pairs)
n/a	319.0192	2.5	discard	b12 U-shaped timestep distribution
n/a	317.4162	2.5	discard	b12 velocity clipping to 2x target norm
n/a	316.7832	2.5	discard	pq multi_step_velocity_loss (z_H deep supervision)
n/a	314.6810	2.5	discard	pq learned_injection_gate (sigmoid gating)
n/a	315.2348	2.5	discard	pq denoising_as_recursion (mini-ODE in training)
n/a	319.2997	2.5	discard	pq token_mixing_mlp (replace attention)
n/a	315.9530	2.5	discard	pq target_ema_teacher (EMA distillation)
n/a	315.1903	2.5	discard	pq per_patch_loss_weighting (hard patch focus)
n/a	316.1516	2.5	discard	pq stochastic_recursion_depth
n/a	0.0000	0.0	crash	pq contrastive_velocity (NaN at step 4)
n/a	0.0000	0.0	crash	b13 x0-prediction (eval crash: x not available in ODE)
n/a	315.1884	2.5	discard	b13 Euler-aware loss (penalize 1-step integration error)
n/a	316.5255	2.5	discard	b13 Euler step loss weight 0.2
n/a	322.8696	2.5	discard	b13 paired noise variance reduction
n/a	317.0500	2.5	discard	b13 cosine weight 0.8
n/a	315.3513	2.5	discard	b13 skip attention alternating L-cycles
n/a	320.6199	2.5	discard	b13 label smoothing (10% random class mix)
n/a	317.1408	2.5	discard	b13 cosine decay 1.0->0.2 over training
n/a	318.1491	2.5	discard	b14 latent mixup (Beta 0.4)
n/a	315.9362	2.5	discard	b14 SWA last 30% of training
n/a	316.8781	2.5	discard	b14 dual timestep (high+low noise per image)
n/a	350.1682	2.5	discard	b14 projection head for velocity matching
n/a	314.7741	2.5	discard	b14 progressive growth (extra experiments)
n/a	330.3868	2.5	discard	b14 feature dropout 20% on conditioning
n/a	314.1982	2.5	keep	b14 progressive EMA (0.99->0.9999 over training)
n/a	335.3331	2.5	discard	b14 hinge loss margin=0.1
n/a	315.1198	2.5	discard	pq2 condition_annealing_sampling (CADS-style)
n/a	314.7741	2.5	discard	pq2 progressive_growing_recursion (curriculum)
n/a	347.8173	2.5	discard	pq2 noise_prediction_target (eps+velocity dual)
n/a	379.6308	2.5	discard	pq2 residual_prediction (naive velocity + correction)
n/a	314.2865	2.6	keep	pq3 spatial_smoothing_conv (3x3 depthwise + gated blend)
n/a	316.7922	5.1	discard	pq3 spatial_smooth_only_output (conv at final z_H only)
n/a	314.7648	5.1	discard	pq3 spatial_smooth_every_other (conv at alternating l_level)
n/a	314.4110	5.1	discard	pq4 5x5 kernel spatial smoothing
n/a	316.4448	5.1	discard	pq4 spatial smooth + CADS condition annealing
n/a	0.0000	0.0	crash	pq4 spatial smooth + learned gate (device mismatch)
n/a	314.4626	5.1	discard	pq4 regular 3x3 conv (not depthwise)
n/a	314.3235	5.1	discard	pq4 spatial gate init 1.0 (stronger blending)
n/a	314.5106	5.1	discard	pq4 spatial smooth + EMA teacher distillation
n/a	314.8577	5.1	discard	pq4 spatial smooth + progressive recursion
n/a	0.0000	0.0	crash	pq4 dual spatial smooth (assertion error)
n/a	357.0142	5.1	discard	pq5 wide output head (768->3072->48)
n/a	316.6605	5.1	discard	pq5 overlapping patches (6x6 stride 4)
n/a	314.2854	5.1	keep	pq5 remove noise-adaptive depth (SIMPLIFICATION — same FID!)
n/a	314.3389	5.1	discard	pq5 remove reverse pass (barely hurts)
n/a	316.6726	5.1	discard	pq5 sigmoid cosine weight schedule
n/a	316.7518	5.1	discard	pq5 wide head + overlapping patches combined
n/a	315.9705	5.1	discard	pq5 remove x0 reconstruction loss
n/a	357.1159	5.1	discard	pq5 remove cosine loss (catastrophic)
n/a	316.0325	5.1	discard	pq6 minimal (no reverse pass)
n/a	401.0080	5.1	discard	pq6 cosine-only loss (catastrophic without Huber)
n/a	314.9959	5.1	discard	pq6 total variation penalty on velocity
n/a	314.2383	5.1	keep	pq6 freeze spatial smooth first 20% (CURRICULUM)
n/a	0.0000	0.0	crash	pq6 channel smoothing (inline module crash)
n/a	315.6113	5.1	discard	pq6 sine adaptive EMA
n/a	314.7351	5.1	discard	pq6 post-smooth RMS normalization
n/a	316.5978	5.1	discard	pq6 velocity magnitude annealing
n/a	315.0688	5.1	discard	pq7 freeze smooth 30%
n/a	314.8175	5.1	discard	pq7 freeze smooth 10%
n/a	315.2140	5.1	discard	pq7 double curriculum (freeze smooth + reverse)
n/a	314.1328	5.1	keep	pq7 per-channel spatial gate (768 learnable blend factors)
n/a	314.9470	5.1	discard	pq7 extra smooth after reverse pass
n/a	360.6088	5.1	discard	pq7 cosine weight 0.3 (CATASTROPHIC)
n/a	316.8393	5.1	discard	pq7 cosine weight 0.7
n/a	316.0468	5.1	discard	pq7 x0 loss weight 0.2
n/a	314.6874	5.1	discard	pq8 per-channel gate + freeze 30%
n/a	314.1610	5.1	discard	pq8 baseline verify (reproducibility check)
n/a	314.6866	5.1	discard	pq8 stochastic spatial smooth (50% skip)
n/a	316.4710	5.1	discard	pq8 Laplacian kernel init for spatial smooth
n/a	314.6424	5.1	discard	pq8 bilinear unpatch smoothing at eval
n/a	0.0000	0.0	crash	pq8 fast smooth LR 3x (optimizer assertion)
n/a	315.8110	5.1	discard	pq8 EMA 0.995->0.9999
n/a	314.8925	5.1	discard	pq8 x0 loss late curriculum (after 50%)
n/a	315.1265	5.1	discard	pq8 spatial smooth every 3rd call (same speed no benefit)
n/a	316.8249	5.6	discard	pq9 conv1d_neighbor_mixing (h+v 1D convs, same speed worse FID)
n/a	314.3693	5.1	discard	pq9 smooth_nograd_only (spatial smooth only in truncated cycles)
n/a	316.8465	5.1	discard	pq9 smooth_grad_cycle_only (spatial smooth only in last cycle)
n/a	314.0905	5.1	keep	pq9 test-time compute: 2x L-cycles at eval only
n/a	314.2826	5.1	discard	pq9 skip connection around recursion (0.9/0.1 blend)
n/a	314.7856	5.1	discard	pq9 spatial gate init -2.0
n/a	316.5486	5.1	discard	pq9 batch128 (2x steps, half batch)
n/a	334.0851	5.1	discard	pq9 MSE x0_loss weight 0.15
n/a	346.6512	5.1	discard	pq9 GroupNorm on patch embeddings
n/a	357.6942	5.1	discard	pq9 class-dependent z_L init
n/a	365.6916	5.1	discard	pq9 time-dependent z_L init
n/a	315.0640	5.1	discard	pq10 tta_1x control (no test-time scaling)
n/a	314.7005	5.1	discard	pq10 tta_3x (diminishing returns)
n/a	314.4761	5.1	discard	pq10 tta_4x (diminishing returns)
n/a	314.9070	5.1	discard	pq10 train with 2x L-cycles (match eval)
n/a	316.6335	5.1	discard	pq10 lookahead optimizer k=5 alpha=0.5
n/a	316.5642	5.1	discard	pq10 separate smooth convs for fwd/rev
n/a	314.2372	5.1	discard	pq10 random hflip data augmentation
n/a	316.6504	5.1	discard	pq10 cosine LR schedule
n/a	259.4170	5.1	keep	pq10 FULL BPTT (no gradient truncation) *** BREAKTHROUGH ***
n/a	314.2496	5.1	discard	pq10 spatial smooth in float32
n/a	347.1650	5.1	discard	pq10 LR 3e-4 (too high)
n/a	284.8732	5.1	discard	pq11 full BPTT + no spatial smooth
n/a	265.4699	5.1	discard	pq11 full BPTT + h_cycles=3
n/a	230.0461	5.1	keep	pq11 full BPTT + LR 2e-4 *** NEW BEST ***
n/a	275.9495	5.1	discard	pq11 full BPTT + random hflip
n/a	296.7273	5.1	discard	pq11 full BPTT + TTA 3x
n/a	316.8599	5.1	discard	pq11 full BPTT + cosine LR schedule
n/a	284.8573	5.1	discard	pq11 full BPTT + weight decay 0.01
n/a	287.0782	5.1	discard	pq11 full BPTT + no x0 loss
n/a	216.8371	5.1	keep	pq12 full BPTT + LR 3e-4
n/a	111.4698	5.1	keep	pq12 full BPTT + LR 5e-4 *** MASSIVE NEW BEST ***
n/a	250.7261	5.1	discard	pq12 full BPTT + no spatial smooth + LR 2e-4
n/a	95.8681	5.1	keep	pq13 full BPTT + LR 7e-4 *** NEW BEST 95.87 ***
n/a	97.9047	5.1	keep	pq13 full BPTT + LR 1e-3
n/a	268.0763	5.1	discard	pq13 full BPTT + LR 2e-3 (diverged)
n/a	110.5561	9.5	discard	pq14 full BPTT LR 8e-4
n/a	128.3887	9.5	discard	pq14 full BPTT LR 7e-4 no freeze smooth
n/a	94.0363	9.5	keep	pq14 full BPTT LR 7e-4 + weight decay 0.01
n/a	92.7435	9.5	keep	pq14 full BPTT LR 9e-4 *** NEW BEST ***
n/a	232.9355	9.5	discard	pq14 full BPTT LR 6e-4
n/a	97.8869	9.5	discard	pq14 full BPTT LR 7e-4 + hflip augmentation
n/a	287.6801	9.5	discard	pq14 full BPTT LR 7e-4 + TTA 2x (broken)
n/a	259.9749	9.5	discard	pq14 full BPTT LR 1.5e-3 (too high)
n/a	93.0173	9.5	discard	pq15 LR 9e-4 + WD 0.01
n/a	85.0002	9.5	keep	pq15 LR 9e-4 + WD 0.02
n/a	210.4455	9.5	discard	pq15 LR 9e-4 + WD 0.005 (diverged)
n/a	95.3061	9.5	discard	pq15 LR 8.5e-4
n/a	316.2052	9.5	discard	pq15 LR 9.5e-4 (diverged)
n/a	82.9717	9.5	keep	pq15 LR 9e-4 + hflip *** NEW BEST 82.97 ***
n/a	267.3800	9.5	discard	pq15 LR 9e-4 + WD 0.01 + hflip (diverged)
n/a	88.9871	9.5	keep	pq15 LR 1.1e-3
n/a	89.5035	9.5	discard	b16 hflip + WD 0.01
n/a	94.0256	9.5	discard	b16 hflip + WD 0.005
n/a	298.4776	9.5	discard	b16 hflip + LR 1e-3 (diverged)
n/a	91.4440	9.5	discard	b16 hflip + LR 8e-4
n/a	89.0288	9.5	discard	b16 WD 0.02 no hflip
n/a	94.4024	9.5	discard	b16 hflip + WD 0.02 + LR 8e-4
n/a	104.9781	9.5	discard	b16 hflip + vflip
n/a	311.4900	9.5	discard	b16 hflip + WD 0.003 (diverged)
n/a	156.3646	9.5	discard	b17 batch 512
n/a	93.3726	7.2	discard	b17 no reverse pass
n/a	314.7318	9.5	discard	b17 color jitter (CATASTROPHIC)
n/a	85.2487	9.5	discard	b17 remove x0 loss (simplification test)
n/a	103.3446	9.5	discard	b17 remove spatial smooth (still needed)
n/a	97.5929	9.5	discard	b17 cosine weight 1.0
n/a	93.6064	9.5	discard	b17 WD 0.01 no freeze smooth
n/a	319.5215	12.5	discard	b17 h_cycles=3 full BPTT (too slow)
n/a	264.1868	9.5	discard	b18 random crop 48-64 + resize augmentation
n/a	250.2941	9.5	discard	b18 warm restart LR (SGDR 4 restarts)
n/a	95.2404	9.5	discard	b18 mixup labels (20% random class)
n/a	240.1423	9.5	discard	b18 longer warmup 20%
n/a	104.8617	9.5	discard	b18 EMA starting at 0.98
n/a	96.1152	9.5	discard	b18 cosine weight 0.75
n/a	95.6181	9.5	discard	b18 hflip + WD 0.02 + LR 8.5e-4
n/a	83.7603	9.5	discard	b18 hflip without x0 loss (simplification)
n/a	0.0000	0.0	crash	b19 smooth last H only (crash)
n/a	316.1447	9.5	discard	b19 no smooth + LR 1.2e-3 (diverged)
n/a	75.4043	9.5	keep	b19 no smooth + LR 1.5e-3 *** NEW BEST 75.40 ***
n/a	88.3099	9.5	discard	b19 head_dim=128
n/a	314.0042	11.8	discard	b19 l_cycles=4 (too slow)
n/a	91.8671	9.5	discard	b19 smooth every 2nd call
n/a	296.7256	9.5	discard	b19 gradient penalty on velocity (diverged)
n/a	80.1372	9.5	keep	b19 EMA teacher distillation 0.05
n/a	92.2923	8.9	discard	b20 LR 2e-3 no smooth
n/a	97.5980	8.9	discard	b20 LR 1e-3 no smooth
n/a	291.6008	8.9	discard	b20 LR 1.7e-3 no smooth (diverged)
n/a	95.8685	8.9	discard	b20 LR 1.3e-3 no smooth
n/a	96.6053	8.9	discard	b20 LR 1.5e-3 + WD 0.01 no smooth
n/a	94.4226	8.9	discard	b20 LR 1.5e-3 + EMA distill no smooth
n/a	317.9614	8.9	discard	b20 LR 1.5e-3 + hflip no smooth (CATASTROPHIC)
n/a	101.1519	8.9	discard	b20 LR 1.5e-3 + TTA 3x no smooth
n/a	95.7389	8.9	discard	b21 LR 1.4e-3 no smooth
n/a	289.3583	8.9	discard	b21 LR 1.6e-3 no smooth (diverged)
n/a	89.1269	8.9	discard	b21 LR 1.5e-3 WD 0.005 no smooth
n/a	82.2163	8.9	discard	b21 LR 1.5e-3 no x0 loss no smooth
n/a	335.0764	8.9	discard	b21 LR 1.5e-3 no cosine loss (CATASTROPHIC)
n/a	103.3868	6.8	discard	b21 LR 1.5e-3 no reverse pass no smooth
n/a	292.0871	8.9	discard	b21 LR 1.5e-3 cos=0.3 (diverged)
n/a	290.0574	8.9	discard	b21 LR 1.5e-3 x0=0.2 (diverged)
n/a	106.6875	33.1	discard	b22 patch_size=2 (1024 patches, too slow)
n/a	125.4016	6.8	discard	b22 flat recursion no z_L
n/a	76.1511	16.7	discard	b22 l_layers=2 (two transformer blocks)
n/a	94.7192	8.1	discard	b22 GELU MLP instead of SwiGLU
n/a	92.8727	8.9	discard	b22 dense injection (input_emb in z_H update too)
n/a	135.5794	6.1	discard	b22 h_cycles=1 (too simple)
n/a	118.9091	8.9	discard	b22 fixed EMA 0.999 (progressive is better)
n/a	93.1236	8.9	discard	b22 REPRODUCE baseline (variance check: 93.1 vs 75.4!)
n/a	94.9782	8.9	discard	b23 seed=0 variance check
n/a	93.6392	8.9	discard	b23 seed=1 variance check
n/a	97.8272	8.9	discard	b23 seed=123 variance check
n/a	294.1304	16.7	discard	b23 l_layers=2 lr=1e-3 (diverged)
n/a	79.9623	8.9	keep	b23 NO EMA - raw model eval (EMA may hurt at high LR!)
n/a	88.8163	8.9	discard	b23 seed=7 variance check
n/a	93.2393	8.9	discard	b23 seed=99 variance check
n/a	86.5477	8.9	discard	b23 seed=2024 variance check
n/a	82.0556	8.9	keep	b24 no_ema seed=0
n/a	78.8015	8.9	keep	b24 no_ema seed=1
n/a	79.1974	8.9	keep	b24 no_ema seed=7
n/a	81.8121	8.9	keep	b24 no_ema seed=99
n/a	94.4232	8.9	discard	b24 ema seed=0 (EMA hurts at high LR!)
n/a	98.9688	8.9	discard	b24 ema seed=1 (EMA hurts at high LR!)
n/a	296.8676	8.9	discard	b24 no_ema lr=2e-3 (diverged)
n/a	97.0782	8.9	discard	b24 no_ema lr=1e-3
n/a	293.5813	8.9	discard	b25 noema LR 1.7e-3 (diverged)
n/a	79.0250	8.9	keep	b25 noema LR 1.3e-3
n/a	94.8181	8.9	discard	b25 noema LR 2e-3 seed=1
n/a	100.5539	8.9	discard	b25 noema WD 0.01
n/a	87.1796	8.9	discard	b25 noema cos=0.7
n/a	86.3455	8.9	discard	b25 noema hflip seed=1
n/a	87.0595	6.8	discard	b25 noema no reverse pass
n/a	75.5852	8.9	keep	b25 noema no x0 loss (SIMPLIFICATION: same FID!)
n/a	89.5151	8.9	discard	b26 simplified config seed=0
n/a	87.6711	8.9	discard	b26 simplified config seed=1
n/a	87.3162	8.9	discard	b26 simplified config seed=7
n/a	83.5460	8.9	discard	b26 simplified config seed=99
n/a	84.4909	8.9	discard	b26 simplified LR 1.4e-3
n/a	87.9305	8.9	discard	b26 simplified LR 1.6e-3
n/a	87.7795	8.9	discard	b26 simplified cos=1.0
n/a	82.3212	8.9	discard	b26 simplified MSE instead of Huber
n/a	91.4497	8.9	discard	b27 eval with 100 ODE steps
n/a	94.7005	8.9	discard	b27 MSE+cos seed=1
n/a	503.7984	8.9	discard	b27 cosine-only + magnitude (diverged)
n/a	74.8846	8.8	keep	b27 L1+cos (L1 slightly better than Huber)
n/a	88.3657	16.9	discard	b27 device_batch=128
n/a	66.2238	8.9	keep	b27 beta2=0.95 (TRM setting) *** NEW BEST 66.22 ***
n/a	118.4911	8.9	discard	b27 constant LR (no warmdown)
n/a	93.6925	8.9	discard	b27 warmdown 50%
n/a	68.7645	8.9	discard	b28 beta2=0.95 seed=0
n/a	69.0838	8.9	discard	b28 beta2=0.95 seed=1
n/a	68.2759	8.9	discard	b28 beta2=0.95 seed=7
n/a	69.4779	8.9	discard	b28 beta2=0.95 seed=99
n/a	61.8965	8.8	keep	b28 L1+cos beta2=0.95 *** NEW BEST 61.90 ***
n/a	68.6561	8.9	discard	b28 beta2=0.90
n/a	67.3294	8.9	discard	b28 beta2=0.95 LR 1.4e-3
n/a	65.7291	8.9	keep	b28 beta2=0.95 LR 1.7e-3
n/a	61.0952	8.8	keep	b29 L1+cos beta95 LR 1.7e-3
n/a	63.7451	8.8	discard	b29 L1+cos beta1=0.95 beta2=0.95
n/a	66.7375	8.9	discard	b29 L1 only no cosine (cosine still needed)
n/a	59.3868	8.8	keep	b29 L1+cos beta95 seed=0 *** NEW BEST SEED 59.39 ***
n/a	61.2546	8.8	discard	b29 L1+cos beta95 seed=1
n/a	61.4193	8.8	discard	b29 L1+cos beta95 seed=7
n/a	63.6447	8.8	discard	b29 L1+cos beta95 LR1.7+beta1=0.95
n/a	59.5508	8.8	keep	b29 L1+cos=1.0 beta95 (higher cosine weight!)
n/a	61.9988	8.8	discard	b30 L1+cos1 LR1.7e-3 beta95
n/a	60.0678	8.8	discard	b30 L1+cos1.5 beta95
n/a	60.0885	8.8	discard	b30 L1+cos1 LR1.7e-3 seed0
n/a	60.9634	8.8	discard	b30 L1+cos1 LR1.7e-3 seed1
n/a	60.2025	8.8	discard	b30 L1+cos1 seed99
n/a	62.6386	8.8	discard	b30 L1+cos2.0 beta95 (too much cosine)
n/a	60.8436	8.8	discard	b30 L1+cos1 LR1.8e-3 beta95
n/a	58.8225	8.8	keep	b30 L1+cos1 LR2e-3 beta95 *** NEW BEST 58.82 ***
n/a	335.8440	8.8	discard	b31 velocity decomposition loss (diverged)
n/a	63.3107	33.1	discard	b31 accum=1 devbatch=256
n/a	59.2109	8.8	discard	b31 LR 2e-3 seed=0
n/a	61.7652	8.8	discard	b31 LR 2e-3 seed=1
n/a	62.5068	8.8	discard	b31 LR 2e-3 seed=7
n/a	62.5098	8.8	discard	b31 LR 2.5e-3 (slightly worse)
n/a	59.8074	8.8	discard	b31 LR 2e-3 no hflip
n/a	62.4391	6.7	discard	b31 LR 2e-3 no reverse
n/a	0.0000	0.0	crash	b32 multi-scale coarse-to-fine (variable B undefined)
n/a	65.6514	8.8	discard	b32 noise-level injection scaling (worse)
n/a	61.0034	8.8	discard	b32 seed=2024 variance
n/a	62.7392	8.8	discard	b32 seed=314 variance
n/a	61.9327	8.8	discard	b32 seed=555 variance
n/a	60.6859	8.8	discard	b32 seed=777 variance
n/a	59.8312	8.8	discard	b32 seed=1000 variance
n/a	61.8113	8.8	discard	b32 seed=9999 variance
n/a	63.0284	8.8	discard	b33 learned timestep weighting
n/a	195.8309	8.9	discard	b33 residual z_H accumulation (diverged)
n/a	60.2922	8.8	discard	b33 LR 2.2e-3
n/a	61.5789	8.8	discard	b33 LR 1.8e-3
n/a	61.6469	8.8	discard	b33 cos=0.8
n/a	67.8193	8.8	discard	b33 cos=1.2 (too much)
n/a	62.9351	8.9	discard	b33 multi-scale coarse-to-fine (fixed)
n/a	61.4771	8.8	discard	b33 warmdown 40%
n/a	63.1594	10.7	discard	b34 axial attention (row+column)
n/a	329.3433	9.1	discard	b34 separate fwd/rev blocks (diverged — shared weights essential!)
n/a	0.0000	0.0	crash	b34 conv+attention hybrid (shape mismatch)
n/a	63.0163	8.8	discard	b34 no TTA (TTA 2x contributes ~4 FID)
n/a	64.4888	3.9	discard	b34 n_embd=1024 patch_size=8
n/a	272.9899	8.8	discard	b34 no momentum beta1=0 (diverged)
n/a	59.9007	8.8	keep	b34 warmup 5% (slightly better than 10%)
n/a	64.5910	8.8	discard	b34 warmdown 50% final_lr=0.1
n/a	60.5418	8.8	discard	b35 warmup 5% seed=0
n/a	62.4858	8.8	discard	b35 warmup 5% seed=1
n/a	60.6989	8.8	discard	b35 warmup 5% seed=7
n/a	60.1094	8.8	discard	b35 warmup 5% seed=99
n/a	61.2573	8.8	discard	b35 warmup 3%
n/a	61.0770	8.8	discard	b35 warmup 1%
n/a	75.3187	16.6	discard	b35 multi-crop ensemble (velocity averaging bad)
n/a	59.6228	8.8	discard	b35 beta2=0.93 (within noise of 0.95)
n/a	63.0116	8.8	discard	b36 sigma_min=0.01
n/a	75.5142	8.8	discard	b36 sigma_min=0.1 (too noisy)
n/a	67.1361	8.8	discard	b36 batch512 accum8
n/a	60.4475	8.8	discard	b36 batch128 accum2
n/a	75.2992	8.8	discard	b36 no warmdown (CRITICAL — warmdown needed!)
n/a	60.5092	8.8	discard	b36 tight schedule (warmup5 warmdown20)
n/a	60.9854	8.8	discard	b36 seed=11111 variance
n/a	60.8232	8.8	discard	b36 seed=22222 variance
n/a	65.7271	8.9	discard	b37 MSE+cos (L1 is better)
n/a	64.1026	8.8	discard	b37 grad clip 10.0
n/a	61.5410	8.8	discard	b37 per-channel L1
n/a	61.5333	8.8	discard	b37 warmup steps 20
n/a	249.5267	8.8	discard	b37 sinusoidal pos embed (CATASTROPHIC)
n/a	59.2703	8.8	keep	b37 no hflip (SIMPLIFICATION — same or better FID!)
n/a	61.9398	8.8	discard	b37 fail threshold 50
n/a	61.2139	8.8	discard	b37 seed=33333 variance
n/a	61.2487	8.8	discard	b38 exponential warmdown
n/a	62.6067	8.8	discard	b38 truncated normal init
n/a	55.0772	16.6	keep	b38 dual-t loss (two timesteps per image)
n/a	57.4232	8.8	keep	b38 accum2 batch128
n/a	54.2135	8.8	keep	b38 clamp velocity prediction magnitude *** NEW BEST 54.21 ***
n/a	60.1867	8.8	discard	b38 seed=44444
n/a	61.1255	8.8	discard	b38 seed=55555
n/a	60.1513	8.8	discard	b38 seed=66666
n/a	53.8839	16.6	keep	b39 clamp + dual-t combined *** NEW BEST 53.88 ***
n/a	61.9462	8.8	discard	b39 clamp 2x (3x is better)
n/a	60.2244	8.8	discard	b39 clamp 5x
n/a	59.3482	8.8	discard	b39 clamp seed=0
n/a	60.0311	8.8	discard	b39 clamp seed=1
n/a	62.4123	8.8	discard	b39 clamp seed=7
n/a	57.2303	8.8	discard	b39 clamp + batch128
n/a	316.6896	8.8	discard	b39 soft clamp tanh (DIVERGED)
n/a	56.3595	16.6	discard	b40 clamp+dual seed=0
n/a	54.6006	16.6	discard	b40 clamp+dual seed=1
n/a	55.4331	16.6	discard	b40 clamp+dual seed=7
n/a	56.4078	16.6	discard	b40 clamp+dual seed=99
n/a	56.0888	16.6	discard	b40 clamp+dual LR 2.2e-3
n/a	53.9655	16.6	keep	b40 clamp+dual LR 1.8e-3
n/a	56.3787	16.6	discard	b40 clamp+dual cos=0.75
n/a	56.4504	16.6	discard	b40 clamp+dual clamp 4x
n/a	60.0887	24.3	discard	b41 triple-t (3 timesteps, too slow)
n/a	0.0000	0.0	crash	b41 per-sample clamp (script error)
n/a	57.1045	16.6	discard	b41 TV regularization 0.001
n/a	57.8045	12.5	discard	b41 no reverse pass with clamp+dual-t
n/a	57.3178	16.6	discard	b41 no TTA with clamp+dual-t
n/a	55.7031	16.6	discard	b41 cos=1.5 with clamp+dual-t
n/a	54.3915	16.6	discard	b41 WD 0.001 with clamp+dual-t
n/a	56.2901	16.6	discard	b41 seed=12345 with clamp+dual-t
n/a	55.3806	16.6	discard	b42 per-sample clamp v2
n/a	56.3464	16.6	discard	b42 t-weighted cosine loss
n/a	62.4453	16.6	discard	b42 90-degree rotation augmentation
n/a	0.0000	0.0	crash	b42 patch_size=3 (doesn't divide 64)
n/a	54.8937	16.6	discard	b42 seed=77777
n/a	57.5764	16.6	discard	b42 seed=88888
n/a	55.5414	16.6	discard	b42 seed=99999
n/a	55.1849	16.6	discard	b42 seed=11
n/a	68.1500	27.6	discard	b43 h_cycles=4 full BPTT (too slow)
n/a	214.5025	9.6	discard	b43 n_embd=1536 patch_size=8 (diverged)
n/a	55.3258	16.6	discard	b43 WD 0.0001
n/a	55.4981	16.6	discard	b43 cycle-aware positional embedding
n/a	57.7577	16.6	discard	b43 ReLU instead of SiLU in AdaLN
n/a	62.8816	16.6	discard	b43 batch512 dual-t
n/a	65.7433	16.6	discard	b43 no warm-start z_H (warm-start contributes ~10 FID)
n/a	56.4343	16.6	discard	b43 seed=3
n/a	73.0159	16.6	discard	b44 flat recursion (no z_L — hierarchy IS important!)
n/a	85.3174	16.6	discard	b44 h1_l6 (too many L without H)
n/a	79.2753	16.6	discard	b44 h1_l8 (same problem)
n/a	56.5262	16.6	discard	b44 h3_l2 (competitive structure)
n/a	59.7173	16.6	discard	b44 no reverse + no TTA (-4 FID combined)
n/a	57.1737	16.6	discard	b44 clamp 4x with dual-t
n/a	67.5735	33.1	discard	b44 patch_size=2 with dual-t (too slow)
n/a	55.2079	16.6	discard	b44 seed=4
n/a	62.1929	32.0	discard	b45 2 L_layers LR 1.5e-3
n/a	58.5824	32.0	discard	b45 2 L_layers LR 2e-3
n/a	56.1335	20.7	discard	b45 h2 l4
n/a	52.8628	12.4	keep	b45 h2 l2 *** NEW BEST 52.86 ***
n/a	55.5716	16.6	discard	b45 LR 2.5e-3
n/a	58.9642	16.6	discard	b45 cosine LR schedule
n/a	63.2918	8.8	discard	b45 clamp only no dual-t (dual contributes ~8 FID)
n/a	55.3809	16.6	discard	b45 seed=5
n/a	62.1929	32.0	discard	b45 l_layers=2 LR 1.5e-3
n/a	58.5824	32.0	discard	b45 l_layers=2 LR 2e-3
n/a	56.1335	20.7	discard	b45 h2 l4 (more L-cycles)
n/a	52.8628	12.4	keep	b45 h2 l2 (fewer L-cycles) *** NEW BEST 52.86 ***
n/a	55.5716	16.6	discard	b45 LR 2.5e-3 with dual-t
n/a	58.9642	16.6	discard	b45 cosine LR schedule with dual-t
n/a	63.2918	8.8	discard	b45 clamp only no dual-t (dual-t contributes ~8 FID)
n/a	55.3809	16.6	discard	b45 seed=5
n/a	66.1225	16.6	discard	b46 Laplace noise schedule (ICCV 2025 — doesn't transfer!)
n/a	66.9718	16.6	discard	b46 Skip-DiT connection (diverts gradient from recursion)
n/a	64.3004	12.4	discard	b46 l2 seed=0 (high variance)
n/a	64.2776	12.4	discard	b46 l2 seed=1
n/a	61.9427	12.4	discard	b46 l2 seed=7
n/a	60.1787	12.4	discard	b46 l2 seed=99
n/a	63.3121	12.4	discard	b46 l2+Laplace seed=42
n/a	63.9066	12.4	discard	b46 l2 seed=2024
n/a	66.1225	16.6	discard	b46 Laplace noise schedule (WORSE than uniform!)
n/a	66.9718	16.8	discard	b46 skip connection DiT (hurts)
n/a	60.1429	12.4	discard	b46 h2l2 seed=0
n/a	60.5394	12.4	discard	b46 h2l2 seed=1
n/a	64.1960	12.4	discard	b46 h2l2 seed=7 (high variance!)
n/a	62.2679	12.4	discard	b46 h2l2 + Laplace (combined worse)
n/a	72.7924	8.3	discard	b46 h2l1 (too few cycles)
n/a	66.4027	12.4	discard	b46 h2l2 LR 2.5e-3 (too high)
n/a	54.2080	16.6	discard	b47 anti-thetic dual-t (t2=1-t1)
n/a	57.2135	16.6	discard	b47 clamp 2.5x (tighter)
n/a	0.0000	0.0	crash	b47 torch.compile (nvcc permission)
n/a	54.2520	32.2	discard	b47 device_batch=128
n/a	54.9038	16.6	discard	b47 seed=6
n/a	54.8947	16.6	discard	b47 seed=8
n/a	56.5831	16.6	discard	b47 seed=9
n/a	56.1867	16.6	discard	b47 seed=10
n/a	0.0000	0.0	crash	b48 loss plateau LR reduction (crash)
n/a	63.0483	32.1	discard	b48 quad-t (4 timesteps, too slow)
n/a	56.4897	12.5	discard	b48 no reverse (contributes ~1 FID)
n/a	57.6243	16.6	discard	b48 no TTA (contributes ~1 FID)
n/a	58.4406	12.5	discard	b48 no reverse + no TTA (-2 FID combined)
n/a	57.2994	16.6	discard	b48 seed=13
n/a	55.6677	16.6	discard	b48 seed=17
n/a	56.6044	16.6	discard	b48 seed=19
n/a	60.8578	16.6	discard	b49 swap z_H and z_L roles each H_cycle
n/a	56.3782	16.6	discard	b49 time-conditioned z_L init
n/a	56.3397	16.6	discard	b49 class-conditioned z_L init
n/a	56.8442	16.6	discard	b49 progressive clamp (5x→2x over training)
n/a	55.9099	16.6	discard	b49 stratified dual-t ([0,0.5]+[0.5,1])
n/a	54.6017	16.6	discard	b49 seed=21
n/a	55.6123	16.6	discard	b49 seed=23
n/a	57.5189	16.6	discard	b49 seed=31
n/a	57.0804	16.6	discard	b50 diverse_accum_t (stratified by micro-step)
n/a	55.9299	16.6	discard	b50 learned_clamp (same as fixed)
n/a	64.2535	16.6	discard	b50 normalized velocity targets (worse)
n/a	0.0000	0.0	crash	b50 explicit dir+mag decomposition (crash)
n/a	57.1007	16.6	discard	b50 seed=37
n/a	56.3620	16.6	discard	b50 seed=41
n/a	54.9729	16.6	discard	b50 seed=43
n/a	55.7854	16.6	discard	b50 seed=47
n/a	84.7896	16.6	discard	b51 window attention 8x8 (global context essential!)
n/a	142.6483	16.6	discard	b51 causal attention (TERRIBLE for images)
n/a	0.0000	0.0	crash	b51 MLP-only no attention (crash)
n/a	66.1047	16.6	discard	b51 h3 with gradient checkpointing
n/a	62.4167	16.6	discard	b51 GELU gate (SiLU is better)
n/a	56.3469	16.6	discard	b51 seed=51
n/a	54.0878	16.6	discard	b51 seed=53
n/a	54.5023	16.6	discard	b51 seed=59
n/a	64.0171	16.6	discard	b52 Gaussian curriculum denoising (auxiliary loss too expensive)
n/a	0.0000	0.0	crash	b52 imgaug curriculum (numpy 2.x incompatible)
n/a	0.0000	0.0	crash	b52 monotonic multistep (scope error)
n/a	57.4062	16.6	discard	b52 seed=25
n/a	55.5004	16.6	discard	b52 seed=36
n/a	56.1515	16.6	discard	b52 seed=47
n/a	56.2326	16.6	discard	b52 seed=58
n/a	54.1341	16.6	discard	b52 seed=69
n/a	56.7334	16.6	discard	b52 seed=80
n/a	58.4957	16.6	discard	b52 torch curriculum denoising (auxiliary loss overhead)
n/a	0.0000	0.0	crash	b53 monotonic x0 no extra fwd (z_H_inter scope)
n/a	0.0000	0.0	crash	b53 monotonic penalty only (z_H_inter scope)
n/a	56.7532	16.6	discard	b53 x0 recon final only (0.05 weight, neutral)
n/a	55.3505	16.6	discard	b53 seed=61
n/a	56.1183	16.6	discard	b53 seed=67
n/a	338.6611	16.6	discard	b53 seed=71 (DIVERGED — bad init)
n/a	56.4168	16.6	discard	b53 seed=73
n/a	56.7943	16.6	discard	b53 seed=79
n/a	66.5667	8.8	discard	b54 single-t batch512 (dual-t IS needed)
n/a	62.7772	16.6	discard	b54 cos=0.8 (1.0 is optimal)
n/a	62.8339	16.6	discard	b54 L2 cosine similarity (L1 better)
n/a	55.5418	16.6	discard	b54 warmdown 40%
n/a	55.2346	16.6	discard	b54 class dropout 5%
n/a	55.7831	16.6	discard	b54 seed=83
n/a	57.4859	16.6	discard	b54 seed=89
n/a	55.2114	16.6	discard	b54 seed=97
n/a	56.4307	16.6	discard	b55 gradient scaling 1/sqrt(depth)
n/a	55.0036	16.6	discard	b55 cycle-aware AdaLN
n/a	57.5716	16.6	discard	b55 cos=1.5 with clamp
n/a	55.2795	16.6	discard	b55 clamp 2x
n/a	53.2486	16.6	discard	b55 anti-thetic dual-t (within noise)
n/a	56.2351	16.6	discard	b55 seed=101
n/a	59.3431	16.6	discard	b55 seed=103
n/a	56.1475	16.6	discard	b55 seed=107
n/a	54.5226	16.6	discard	b56 DART-inspired spatial denoising (neutral)
n/a	55.9396	16.6	discard	b56 exponential cosine decay (neutral)
n/a	56.9102	16.6	discard	b56 mirror anti-thetic dual-t (neutral)
n/a	56.4632	16.6	discard	b56 z_H exploration noise 0.01 (neutral)
n/a	56.0136	16.6	discard	b56 seed=109
n/a	58.5697	16.6	discard	b56 seed=113
n/a	57.2413	16.6	discard	b56 seed=127
n/a	54.0624	16.6	discard	b56 seed=131
n/a	0.0000	0.0	crash	b57 SPSA revisit (epsilon division by zero bug)
n/a	0.0000	0.0	crash	b57 fp16 (accidentally used SPSA solver)
n/a	0.0000	0.0	crash	b57 orthogonal init (accidentally used SPSA solver)
n/a	0.0000	0.0	crash	b57 gradient noise (accidentally used SPSA solver)
n/a	56.3333	16.6	discard	b57 seed=137
n/a	55.4148	16.6	discard	b57 seed=139
n/a	56.4078	16.6	discard	b57 seed=149
n/a	55.6689	16.6	discard	b57 seed=151
